,filename,time
0,./data/images/2021-07-12 07:35:03-07:00.png,2021-07-12 07:35:03-07:00
1,./data/images/2021-07-12 07:36:03-07:00.png,2021-07-12 07:36:03-07:00
2,./data/images/2021-07-12 07:37:03-07:00.png,2021-07-12 07:37:03-07:00
3,./data/images/2021-07-12 07:38:03-07:00.png,2021-07-12 07:38:03-07:00
4,./data/images/2021-07-12 07:39:03-07:00.png,2021-07-12 07:39:03-07:00
5,./data/images/2021-07-12 07:40:03-07:00.png,2021-07-12 07:40:03-07:00
6,./data/images/2021-07-12 07:41:03-07:00.png,2021-07-12 07:41:03-07:00
7,./data/images/2021-07-12 07:42:03-07:00.png,2021-07-12 07:42:03-07:00
8,./data/images/2021-07-12 07:43:03-07:00.png,2021-07-12 07:43:03-07:00
9,./data/images/2021-07-12 07:44:03-07:00.png,2021-07-12 07:44:03-07:00
10,./data/images/2021-07-12 07:45:03-07:00.png,2021-07-12 07:45:03-07:00
11,./data/images/2021-07-12 06:24:53-07:00.png,2021-07-12 06:24:53-07:00
12,./data/images/2021-07-12 06:25:53-07:00.png,2021-07-12 06:25:53-07:00
13,./data/images/2021-07-12 06:26:53-07:00.png,2021-07-12 06:26:53-07:00
14,./data/images/2021-07-12 06:27:53-07:00.png,2021-07-12 06:27:53-07:00
15,./data/images/2021-07-12 06:28:53-07:00.png,2021-07-12 06:28:53-07:00
16,./data/images/2021-07-12 06:29:53-07:00.png,2021-07-12 06:29:53-07:00
17,./data/images/2021-07-12 06:30:53-07:00.png,2021-07-12 06:30:53-07:00
18,./data/images/2021-07-12 06:31:53-07:00.png,2021-07-12 06:31:53-07:00
19,./data/images/2021-07-12 06:32:53-07:00.png,2021-07-12 06:32:53-07:00
20,./data/images/2021-07-12 06:33:53-07:00.png,2021-07-12 06:33:53-07:00
21,./data/images/2021-07-12 06:34:53-07:00.png,2021-07-12 06:34:53-07:00
22,./data/images/2021-07-12 08:15:08-07:00.png,2021-07-12 08:15:08-07:00
23,./data/images/2021-07-12 08:16:08-07:00.png,2021-07-12 08:16:08-07:00
24,./data/images/2021-07-12 08:17:08-07:00.png,2021-07-12 08:17:08-07:00
25,./data/images/2021-07-12 08:18:08-07:00.png,2021-07-12 08:18:08-07:00
26,./data/images/2021-07-12 08:19:08-07:00.png,2021-07-12 08:19:08-07:00
27,./data/images/2021-07-12 08:20:08-07:00.png,2021-07-12 08:20:08-07:00
28,./data/images/2021-07-12 08:21:08-07:00.png,2021-07-12 08:21:08-07:00
29,./data/images/2021-07-12 08:22:08-07:00.png,2021-07-12 08:22:08-07:00
30,./data/images/2021-07-12 08:23:08-07:00.png,2021-07-12 08:23:08-07:00
31,./data/images/2021-07-12 08:24:08-07:00.png,2021-07-12 08:24:08-07:00
32,./data/images/2021-07-12 08:25:08-07:00.png,2021-07-12 08:25:08-07:00
33,./data/images/2021-07-12 08:05:07-07:00.png,2021-07-12 08:05:07-07:00
34,./data/images/2021-07-12 08:06:07-07:00.png,2021-07-12 08:06:07-07:00
35,./data/images/2021-07-12 08:07:07-07:00.png,2021-07-12 08:07:07-07:00
36,./data/images/2021-07-12 08:08:07-07:00.png,2021-07-12 08:08:07-07:00
37,./data/images/2021-07-12 08:09:07-07:00.png,2021-07-12 08:09:07-07:00
38,./data/images/2021-07-12 08:10:07-07:00.png,2021-07-12 08:10:07-07:00
39,./data/images/2021-07-12 08:11:07-07:00.png,2021-07-12 08:11:07-07:00
40,./data/images/2021-07-12 08:12:07-07:00.png,2021-07-12 08:12:07-07:00
41,./data/images/2021-07-12 08:13:07-07:00.png,2021-07-12 08:13:07-07:00
42,./data/images/2021-07-12 08:14:07-07:00.png,2021-07-12 08:14:07-07:00
43,./data/images/2021-07-12 08:15:07-07:00.png,2021-07-12 08:15:07-07:00
44,./data/images/2021-07-12 06:34:54-07:00.png,2021-07-12 06:34:54-07:00
45,./data/images/2021-07-12 06:35:54-07:00.png,2021-07-12 06:35:54-07:00
46,./data/images/2021-07-12 06:36:54-07:00.png,2021-07-12 06:36:54-07:00
47,./data/images/2021-07-12 06:37:54-07:00.png,2021-07-12 06:37:54-07:00
48,./data/images/2021-07-12 06:38:54-07:00.png,2021-07-12 06:38:54-07:00
49,./data/images/2021-07-12 06:39:54-07:00.png,2021-07-12 06:39:54-07:00
50,./data/images/2021-07-12 06:40:54-07:00.png,2021-07-12 06:40:54-07:00
51,./data/images/2021-07-12 06:41:54-07:00.png,2021-07-12 06:41:54-07:00
52,./data/images/2021-07-12 06:42:54-07:00.png,2021-07-12 06:42:54-07:00
53,./data/images/2021-07-12 06:43:54-07:00.png,2021-07-12 06:43:54-07:00
54,./data/images/2021-07-12 06:44:54-07:00.png,2021-07-12 06:44:54-07:00
55,./data/images/2021-07-12 08:25:10-07:00.png,2021-07-12 08:25:10-07:00
56,./data/images/2021-07-12 08:26:10-07:00.png,2021-07-12 08:26:10-07:00
57,./data/images/2021-07-12 08:27:10-07:00.png,2021-07-12 08:27:10-07:00
58,./data/images/2021-07-12 08:28:10-07:00.png,2021-07-12 08:28:10-07:00
59,./data/images/2021-07-12 08:29:10-07:00.png,2021-07-12 08:29:10-07:00
60,./data/images/2021-07-12 08:30:10-07:00.png,2021-07-12 08:30:10-07:00
61,./data/images/2021-07-12 08:31:10-07:00.png,2021-07-12 08:31:10-07:00
62,./data/images/2021-07-12 08:32:10-07:00.png,2021-07-12 08:32:10-07:00
63,./data/images/2021-07-12 08:33:10-07:00.png,2021-07-12 08:33:10-07:00
64,./data/images/2021-07-12 08:34:10-07:00.png,2021-07-12 08:34:10-07:00
65,./data/images/2021-07-12 08:35:10-07:00.png,2021-07-12 08:35:10-07:00
66,./data/images/2021-07-12 06:14:51-07:00.png,2021-07-12 06:14:51-07:00
67,./data/images/2021-07-12 06:15:51-07:00.png,2021-07-12 06:15:51-07:00
68,./data/images/2021-07-12 06:16:51-07:00.png,2021-07-12 06:16:51-07:00
69,./data/images/2021-07-12 06:17:51-07:00.png,2021-07-12 06:17:51-07:00
70,./data/images/2021-07-12 06:18:51-07:00.png,2021-07-12 06:18:51-07:00
71,./data/images/2021-07-12 06:19:51-07:00.png,2021-07-12 06:19:51-07:00
72,./data/images/2021-07-12 06:20:51-07:00.png,2021-07-12 06:20:51-07:00
73,./data/images/2021-07-12 06:21:51-07:00.png,2021-07-12 06:21:51-07:00
74,./data/images/2021-07-12 06:22:51-07:00.png,2021-07-12 06:22:51-07:00
75,./data/images/2021-07-12 06:23:51-07:00.png,2021-07-12 06:23:51-07:00
76,./data/images/2021-07-12 06:24:51-07:00.png,2021-07-12 06:24:51-07:00
77,./data/images/2021-07-12 07:55:06-07:00.png,2021-07-12 07:55:06-07:00
78,./data/images/2021-07-12 07:56:06-07:00.png,2021-07-12 07:56:06-07:00
79,./data/images/2021-07-12 07:57:06-07:00.png,2021-07-12 07:57:06-07:00
80,./data/images/2021-07-12 07:58:06-07:00.png,2021-07-12 07:58:06-07:00
81,./data/images/2021-07-12 07:59:06-07:00.png,2021-07-12 07:59:06-07:00
82,./data/images/2021-07-12 08:00:06-07:00.png,2021-07-12 08:00:06-07:00
83,./data/images/2021-07-12 08:01:06-07:00.png,2021-07-12 08:01:06-07:00
84,./data/images/2021-07-12 08:02:06-07:00.png,2021-07-12 08:02:06-07:00
85,./data/images/2021-07-12 08:03:06-07:00.png,2021-07-12 08:03:06-07:00
86,./data/images/2021-07-12 08:04:06-07:00.png,2021-07-12 08:04:06-07:00
87,./data/images/2021-07-12 08:05:06-07:00.png,2021-07-12 08:05:06-07:00
88,./data/images/2021-07-12 07:04:59-07:00.png,2021-07-12 07:04:59-07:00
89,./data/images/2021-07-12 07:05:59-07:00.png,2021-07-12 07:05:59-07:00
90,./data/images/2021-07-12 07:06:59-07:00.png,2021-07-12 07:06:59-07:00
91,./data/images/2021-07-12 07:07:59-07:00.png,2021-07-12 07:07:59-07:00
92,./data/images/2021-07-12 07:08:59-07:00.png,2021-07-12 07:08:59-07:00
93,./data/images/2021-07-12 07:09:59-07:00.png,2021-07-12 07:09:59-07:00
94,./data/images/2021-07-12 07:10:59-07:00.png,2021-07-12 07:10:59-07:00
95,./data/images/2021-07-12 07:11:59-07:00.png,2021-07-12 07:11:59-07:00
96,./data/images/2021-07-12 07:12:59-07:00.png,2021-07-12 07:12:59-07:00
97,./data/images/2021-07-12 07:13:59-07:00.png,2021-07-12 07:13:59-07:00
98,./data/images/2021-07-12 07:14:59-07:00.png,2021-07-12 07:14:59-07:00
99,./data/images/2021-07-12 06:44:56-07:00.png,2021-07-12 06:44:56-07:00
100,./data/images/2021-07-12 06:45:56-07:00.png,2021-07-12 06:45:56-07:00
101,./data/images/2021-07-12 06:46:56-07:00.png,2021-07-12 06:46:56-07:00
102,./data/images/2021-07-12 06:47:56-07:00.png,2021-07-12 06:47:56-07:00
103,./data/images/2021-07-12 06:48:56-07:00.png,2021-07-12 06:48:56-07:00
104,./data/images/2021-07-12 06:49:56-07:00.png,2021-07-12 06:49:56-07:00
105,./data/images/2021-07-12 06:50:56-07:00.png,2021-07-12 06:50:56-07:00
106,./data/images/2021-07-12 06:51:56-07:00.png,2021-07-12 06:51:56-07:00
107,./data/images/2021-07-12 06:52:56-07:00.png,2021-07-12 06:52:56-07:00
108,./data/images/2021-07-12 06:53:56-07:00.png,2021-07-12 06:53:56-07:00
109,./data/images/2021-07-12 06:54:56-07:00.png,2021-07-12 06:54:56-07:00
110,./data/images/2021-07-12 07:45:04-07:00.png,2021-07-12 07:45:04-07:00
111,./data/images/2021-07-12 07:46:04-07:00.png,2021-07-12 07:46:04-07:00
112,./data/images/2021-07-12 07:47:04-07:00.png,2021-07-12 07:47:04-07:00
113,./data/images/2021-07-12 07:48:04-07:00.png,2021-07-12 07:48:04-07:00
114,./data/images/2021-07-12 07:49:04-07:00.png,2021-07-12 07:49:04-07:00
115,./data/images/2021-07-12 07:50:04-07:00.png,2021-07-12 07:50:04-07:00
116,./data/images/2021-07-12 07:51:04-07:00.png,2021-07-12 07:51:04-07:00
117,./data/images/2021-07-12 07:52:04-07:00.png,2021-07-12 07:52:04-07:00
118,./data/images/2021-07-12 07:53:04-07:00.png,2021-07-12 07:53:04-07:00
119,./data/images/2021-07-12 07:54:04-07:00.png,2021-07-12 07:54:04-07:00
120,./data/images/2021-07-12 07:55:04-07:00.png,2021-07-12 07:55:04-07:00
121,./data/images/2021-07-12 05:54:47-07:00.png,2021-07-12 05:54:47-07:00
122,./data/images/2021-07-12 05:55:47-07:00.png,2021-07-12 05:55:47-07:00
123,./data/images/2021-07-12 05:56:47-07:00.png,2021-07-12 05:56:47-07:00
124,./data/images/2021-07-12 05:57:47-07:00.png,2021-07-12 05:57:47-07:00
125,./data/images/2021-07-12 05:58:47-07:00.png,2021-07-12 05:58:47-07:00
126,./data/images/2021-07-12 05:59:47-07:00.png,2021-07-12 05:59:47-07:00
127,./data/images/2021-07-12 06:00:47-07:00.png,2021-07-12 06:00:47-07:00
128,./data/images/2021-07-12 06:01:47-07:00.png,2021-07-12 06:01:47-07:00
129,./data/images/2021-07-12 06:02:47-07:00.png,2021-07-12 06:02:47-07:00
130,./data/images/2021-07-12 06:03:47-07:00.png,2021-07-12 06:03:47-07:00
131,./data/images/2021-07-12 06:04:47-07:00.png,2021-07-12 06:04:47-07:00
132,./data/images/2021-07-12 05:34:45-07:00.png,2021-07-12 05:34:45-07:00
133,./data/images/2021-07-12 05:35:45-07:00.png,2021-07-12 05:35:45-07:00
134,./data/images/2021-07-12 05:36:45-07:00.png,2021-07-12 05:36:45-07:00
135,./data/images/2021-07-12 05:37:45-07:00.png,2021-07-12 05:37:45-07:00
136,./data/images/2021-07-12 05:38:45-07:00.png,2021-07-12 05:38:45-07:00
137,./data/images/2021-07-12 05:39:45-07:00.png,2021-07-12 05:39:45-07:00
138,./data/images/2021-07-12 05:40:45-07:00.png,2021-07-12 05:40:45-07:00
139,./data/images/2021-07-12 05:41:45-07:00.png,2021-07-12 05:41:45-07:00
140,./data/images/2021-07-12 05:42:45-07:00.png,2021-07-12 05:42:45-07:00
141,./data/images/2021-07-12 05:43:45-07:00.png,2021-07-12 05:43:45-07:00
142,./data/images/2021-07-12 05:44:45-07:00.png,2021-07-12 05:44:45-07:00
143,./data/images/2021-07-12 07:15:00-07:00.png,2021-07-12 07:15:00-07:00
144,./data/images/2021-07-12 07:16:00-07:00.png,2021-07-12 07:16:00-07:00
145,./data/images/2021-07-12 07:17:00-07:00.png,2021-07-12 07:17:00-07:00
146,./data/images/2021-07-12 07:18:00-07:00.png,2021-07-12 07:18:00-07:00
147,./data/images/2021-07-12 07:19:00-07:00.png,2021-07-12 07:19:00-07:00
148,./data/images/2021-07-12 07:20:00-07:00.png,2021-07-12 07:20:00-07:00
149,./data/images/2021-07-12 07:21:00-07:00.png,2021-07-12 07:21:00-07:00
150,./data/images/2021-07-12 07:22:00-07:00.png,2021-07-12 07:22:00-07:00
151,./data/images/2021-07-12 07:23:00-07:00.png,2021-07-12 07:23:00-07:00
152,./data/images/2021-07-12 07:24:00-07:00.png,2021-07-12 07:24:00-07:00
153,./data/images/2021-07-12 07:25:00-07:00.png,2021-07-12 07:25:00-07:00
154,./data/images/2021-07-12 05:44:46-07:00.png,2021-07-12 05:44:46-07:00
155,./data/images/2021-07-12 05:45:46-07:00.png,2021-07-12 05:45:46-07:00
156,./data/images/2021-07-12 05:46:46-07:00.png,2021-07-12 05:46:46-07:00
157,./data/images/2021-07-12 05:47:46-07:00.png,2021-07-12 05:47:46-07:00
158,./data/images/2021-07-12 05:48:46-07:00.png,2021-07-12 05:48:46-07:00
159,./data/images/2021-07-12 05:49:46-07:00.png,2021-07-12 05:49:46-07:00
160,./data/images/2021-07-12 05:50:46-07:00.png,2021-07-12 05:50:46-07:00
161,./data/images/2021-07-12 05:51:46-07:00.png,2021-07-12 05:51:46-07:00
162,./data/images/2021-07-12 05:52:46-07:00.png,2021-07-12 05:52:46-07:00
163,./data/images/2021-07-12 05:53:46-07:00.png,2021-07-12 05:53:46-07:00
164,./data/images/2021-07-12 05:54:46-07:00.png,2021-07-12 05:54:46-07:00
165,./data/images/2021-07-12 06:04:49-07:00.png,2021-07-12 06:04:49-07:00
166,./data/images/2021-07-12 06:05:49-07:00.png,2021-07-12 06:05:49-07:00
167,./data/images/2021-07-12 06:06:49-07:00.png,2021-07-12 06:06:49-07:00
168,./data/images/2021-07-12 06:07:49-07:00.png,2021-07-12 06:07:49-07:00
169,./data/images/2021-07-12 06:08:49-07:00.png,2021-07-12 06:08:49-07:00
170,./data/images/2021-07-12 06:09:49-07:00.png,2021-07-12 06:09:49-07:00
171,./data/images/2021-07-12 06:10:49-07:00.png,2021-07-12 06:10:49-07:00
172,./data/images/2021-07-12 06:11:49-07:00.png,2021-07-12 06:11:49-07:00
173,./data/images/2021-07-12 06:12:49-07:00.png,2021-07-12 06:12:49-07:00
174,./data/images/2021-07-12 06:13:49-07:00.png,2021-07-12 06:13:49-07:00
175,./data/images/2021-07-12 06:14:49-07:00.png,2021-07-12 06:14:49-07:00
176,./data/images/2021-07-12 07:25:01-07:00.png,2021-07-12 07:25:01-07:00
177,./data/images/2021-07-12 07:26:01-07:00.png,2021-07-12 07:26:01-07:00
178,./data/images/2021-07-12 07:27:01-07:00.png,2021-07-12 07:27:01-07:00
179,./data/images/2021-07-12 07:28:01-07:00.png,2021-07-12 07:28:01-07:00
180,./data/images/2021-07-12 07:29:01-07:00.png,2021-07-12 07:29:01-07:00
181,./data/images/2021-07-12 07:30:01-07:00.png,2021-07-12 07:30:01-07:00
182,./data/images/2021-07-12 07:31:01-07:00.png,2021-07-12 07:31:01-07:00
183,./data/images/2021-07-12 07:32:01-07:00.png,2021-07-12 07:32:01-07:00
184,./data/images/2021-07-12 07:33:01-07:00.png,2021-07-12 07:33:01-07:00
185,./data/images/2021-07-12 07:34:01-07:00.png,2021-07-12 07:34:01-07:00
186,./data/images/2021-07-12 07:35:01-07:00.png,2021-07-12 07:35:01-07:00
187,./data/images/2021-07-12 06:54:57-07:00.png,2021-07-12 06:54:57-07:00
188,./data/images/2021-07-12 06:55:57-07:00.png,2021-07-12 06:55:57-07:00
189,./data/images/2021-07-12 06:56:57-07:00.png,2021-07-12 06:56:57-07:00
190,./data/images/2021-07-12 06:57:57-07:00.png,2021-07-12 06:57:57-07:00
191,./data/images/2021-07-12 06:58:57-07:00.png,2021-07-12 06:58:57-07:00
192,./data/images/2021-07-12 06:59:57-07:00.png,2021-07-12 06:59:57-07:00
193,./data/images/2021-07-12 07:00:57-07:00.png,2021-07-12 07:00:57-07:00
194,./data/images/2021-07-12 07:01:57-07:00.png,2021-07-12 07:01:57-07:00
195,./data/images/2021-07-12 07:02:57-07:00.png,2021-07-12 07:02:57-07:00
196,./data/images/2021-07-12 07:03:57-07:00.png,2021-07-12 07:03:57-07:00
197,./data/images/2021-07-12 07:04:57-07:00.png,2021-07-12 07:04:57-07:00
